threshold,world_total_forest_area,FAO_2000_Mha,deviation_Mha,deviation_%
10,4748.365057297794,4219.082,529.2830572977937,12.544981521994444
20,4253.569480458409,4219.082,34.487480458408754,0.817416690607311
30,3914.5006386324694,4219.082,-304.5813613675309,7.219138224085972
40,3673.2507581970126,4219.082,-545.8312418029877,12.937203917889903
50,3239.701583005711,4219.082,-979.3804169942891,23.213116431353765
