threshold,world_total_forest_area,FAO_2000_Mha,deviation_Mha,deviation_%
10.0,4547.574801898999,3915.5460000000003,632.0288018989986,16.141524116917502
20.0,4064.4604248344676,3915.5460000000003,148.91442483446735,3.8031586101776695
30.0,3736.060031121576,3915.5460000000003,-179.4859688784245,4.583932071757667
40.0,3501.1550038140945,3915.5460000000003,-414.3909961859058,10.583223800356471
50.0,3070.082229887889,3915.5460000000003,-845.4637701121114,21.592487231975092
