threshold,world_total_forest_area,FAO_2000_Mha,deviation_Mha,deviation_%
10,4748.365057297793,4219.082,529.2830572977928,12.544981521994423
20,4253.569480458408,4219.082,34.487480458407845,0.8174166906072896
30,3914.50063863247,4219.082,-304.58136136753046,7.2191382240859605
40,3673.250758197013,4219.082,-545.8312418029873,12.937203917889892
50,3239.701583005711,4219.082,-979.3804169942891,23.213116431353765
