threshold,world_total_forest_area,FAO_2000_Mha,deviation_Mha,deviation_%
10,4805.914031822288,4219.082,586.8320318222877,13.908998019528601
20,4307.017815334859,4219.082,87.93581533485849,2.084240489633965
30,3965.3702498483435,4219.082,-253.71175015165682,6.013434916687014
40,3720.008028779363,4219.082,-499.0739712206373,11.828970643866066
50,3277.322777029735,4219.082,-941.7592229702655,22.32142496804436
