threshold,world_total_forest_area,FAO_2000_Mha
10,4748.36505729806,4219.082
20,4253.569480458529,4219.082
30,3914.500638632639,4219.082
40,3673.2507581971713,4219.082
50,3239.701583005862,4219.082
